address,product_title,product_images,ai_description
https://www.pazzion.com/products/c2257-3-joyce-pearl-patent-slingback-heels,Joyce Pearl Patent Slingback Heels,"['https://www.pazzion.com/cdn/shop/files/JoycePearlPatentSlingbackHeels-Beige-1.jpg?v=1705898929', 'https://www.pazzion.com/cdn/shop/files/JoycePearlPatentSlingbackHeels-Beige-2.jpg?v=1705898934', 'https://www.pazzion.com/cdn/shop/files/JoycePearlPatentSlingbackHeels-Beige-3.jpg?v=1705898939', 'https://www.pazzion.com/cdn/shop/files/JoycePearlPatentSlingbackHeels-Beige-4.jpg?v=1705898944', 'https://www.pazzion.com/cdn/shop/files/JoycePearlPatentSlingbackHeels-Beige-5.jpg?v=1705898949']","Embrace timeless elegance with our Joyce Pearl Patent Slingback Heels. Featuring a lustrous patent leather finish and adorned with delicate pearl and gold buckle accents, these block heels offer a sophisticated flair to any outfit. The adjustable slingback strap ensures a secure fit, while the cushioned insole provides all-day comfort. Perfect for both office and evening wear, these heels will effortlessly elevate your style and confidence."
https://www.pazzion.com/products/122-5-maia-pearl-decor-bow-slingbacks-kitten-heels,Maia Pearl Décor Bow Slingbacks Kitten Heels,"['https://www.pazzion.com/cdn/shop/files/MaiaPearlDi_corBowSlingbacksKittenHeels-Beige-1.webp?v=1705903988', 'https://www.pazzion.com/cdn/shop/files/MaiaPearlDi_corBowSlingbacksKittenHeels-Beige-2.webp?v=1705903993', 'https://www.pazzion.com/cdn/shop/files/MaiaPearlDi_corBowSlingbacksKittenHeels-Beige-3.webp?v=1705903999', 'https://www.pazzion.com/cdn/shop/files/MaiaPearlDi_corBowSlingbacksKittenHeels-Beige-4.webp?v=1705904009', 'https://www.pazzion.com/cdn/shop/files/MaiaPearlDi_corBowSlingbacksKittenHeels-Beige-5.webp?v=1705904014']","Elevate your elegance with the Maia Pearl Décor Bow Slingbacks Kitten Heels. Featuring delicate lace adorned with pearls and a charming bow detail, these heels are the epitome of sophistication. The kitten heel offers just the right amount of lift for all-day comfort, while the adjustable slingback ensures a perfect fit. Pair these beauties with a chic dress for a formal event or with tailored pants for a polished office look. Perfect for fashion-conscious women who appreciate both style and comfort."
https://www.pazzion.com/products/6313-1-aurelia-strappy-espadrilles,Aurelia Strappy Espadrilles,"['https://www.pazzion.com/cdn/shop/files/AureliaStrappyEspadrilles-White-1.webp?v=1714644163', 'https://www.pazzion.com/cdn/shop/files/AureliaStrappyEspadrilles-White-2.webp?v=1714644169', 'https://www.pazzion.com/cdn/shop/files/AureliaStrappyEspadrilles-White-3.webp?v=1714644174', 'https://www.pazzion.com/cdn/shop/files/AureliaStrappyEspadrilles-White-4.webp?v=1714644179', 'https://www.pazzion.com/cdn/shop/files/AureliaStrappyEspadrilles-White-5.webp?v=1714644183']","Step into summer with the Aurelia Strappy Espadrilles. Crafted with a classic jute sole and soft leather straps, these espadrilles offer both style and comfort. The intricate strappy design and crochet toe cap provide a chic bohemian touch, making them perfect for strolls along the beach or casual outings. Pair them with a flowy dress or your favorite shorts for a laid-back yet sophisticated look."
https://www.pazzion.com/products/1919-1-margot-tweed-lace-up-espadrilles,Margot Tweed Lace-up Espadrilles,"['https://www.pazzion.com/cdn/shop/files/MargotTweedLace-upEspadrilles-White-1.jpg?v=1705904414', 'https://www.pazzion.com/cdn/shop/files/MargotTweedLace-upEspadrilles-White-7.webp?v=1707199527', 'https://www.pazzion.com/cdn/shop/files/MargotTweedLace-upEspadrilles-White-2.jpg?v=1707199527', 'https://www.pazzion.com/cdn/shop/files/MargotTweedLace-upEspadrilles-White-6.webp?v=1707199527', 'https://www.pazzion.com/cdn/shop/files/MargotTweedLace-upEspadrilles-White-3.jpg?v=1707199527']","Step into effortless elegance with the Margot Tweed Lace-up Espadrilles. These stylish flats feature a sophisticated tweed upper and a comfortable espadrille sole, perfect for adding a touch of chic to your everyday looks. The lace-up design and soft insoles ensure a secure and snug fit, making them ideal for a casual day out or a relaxed weekend. Pair them with tailored trousers or a breezy dress for a versatile and polished look."
https://www.pazzion.com/products/3899-9-fallon-leather-ankle-boots,Fallon Leather Ankle Boots,"['https://www.pazzion.com/cdn/shop/files/FallonLeatherAnkleBoots-Beige-1.webp?v=1705892084', 'https://www.pazzion.com/cdn/shop/files/FallonLeatherAnkleBoots-Beige-2.webp?v=1705892090', 'https://www.pazzion.com/cdn/shop/files/FallonLeatherAnkleBoots-Beige-3.webp?v=1705892096', 'https://www.pazzion.com/cdn/shop/files/FallonLeatherAnkleBoots-Beige-4.webp?v=1705892102', 'https://www.pazzion.com/cdn/shop/files/FallonLeatherAnkleBoots-Beige-5.webp?v=1705892109']","Upgrade your shoe collection with the Fallon Leather Ankle Boots. Crafted from luxurious leather, these boots feature a modern block heel and a sleek silhouette, perfect for both day and night. The back zipper ensures easy wear while maintaining a minimalist look. Pair them with tailored pants for a chic office look or with a dress for a stylish evening out. Designed for comfort and style, these ankle boots are a must-have for the fashion-forward woman."
https://www.pazzion.com/products/1919-33-andrina-pearl-espadrille-mules,Andrina Pearl Espadrille Mules,"['https://www.pazzion.com/cdn/shop/files/AndrinaPearlEspadrilleMules-Blue-1.webp?v=1705647916', 'https://www.pazzion.com/cdn/shop/files/AndrinaPearlEspadrilleMules-Blue-2.webp?v=1705647921', 'https://www.pazzion.com/cdn/shop/files/AndrinaPearlEspadrilleMules-Blue-3.webp?v=1705647926', 'https://www.pazzion.com/cdn/shop/files/AndrinaPearlEspadrilleMules-Blue-4.webp?v=1705647931', 'https://www.pazzion.com/cdn/shop/files/AndrinaPearlEspadrilleMules-Blue-5.webp?v=1705647936']","Step into summer with the Andrina Pearl Espadrille Mules. Crafted from breathable fabric with a hint of shimmer, these flats are adorned with elegant pearls for a touch of sophistication. The comfortable espadrille sole and easy slip-on design make them perfect for casual outings or beach vacations. Pair them with a sundress or cropped jeans for a chic and effortless look."
https://www.pazzion.com/products/6292-9-nikki-supple-leather-slides,Nikki Supple Leather Slides,"['https://www.pazzion.com/cdn/shop/files/NikkiSuppleLeatherSlides-LightYellow-1.jpg?v=1711327281', 'https://www.pazzion.com/cdn/shop/files/NikkiSuppleLeatherSlides-LightYellow-2.jpg?v=1711327275', 'https://www.pazzion.com/cdn/shop/files/NikkiSuppleLeatherSlides-LightYellow-3.jpg?v=1711327262', 'https://www.pazzion.com/cdn/shop/files/NikkiSuppleLeatherSlides-LightYellow-4.jpg?v=1711327256', 'https://www.pazzion.com/cdn/shop/files/NikkiSuppleLeatherSlides-LightYellow-5.jpg?v=1706602982']","Slip into effortless elegance with the Nikki Supple Leather Slides. Crafted from ultra-soft lambskin leather, these slides feature a chic gathered design and a pointed toe that adds a touch of sophistication to any outfit. Perfect for casual outings or a stylish day at the office, these slides offer unparalleled comfort with their cushioned insole. Pair them with a flowy dress or tailored pants for a polished, yet relaxed look."
https://www.pazzion.com/products/298-2-vaeda-v-cut-heel-mules,Vaeda V-Cut Heel Mules,"['https://www.pazzion.com/cdn/shop/files/VaedaV-CutHeelMules-Beige-1.webp?v=1705912496', 'https://www.pazzion.com/cdn/shop/files/VaedaV-CutHeelMules-Beige-3.webp?v=1705912505', 'https://www.pazzion.com/cdn/shop/files/VaedaV-CutHeelMules-Beige-4.webp?v=1705912509', 'https://www.pazzion.com/cdn/shop/files/VaedaV-CutHeelMules-Beige-5.webp?v=1705912513', 'https://www.pazzion.com/cdn/shop/files/VaedaV-CutHeelMules-Beige-6.webp?v=1705912518']","Step into elegance with the Vaeda V-Cut Heel Mules. These chic mules feature a sleek v-cut design in crisp white, complemented by an architectural gold-toned block heel that adds a touch of sophistication. Crafted from premium leather, they offer a comfortable fit with a cushioned insole, making them perfect for both casual outings and formal occasions. Pair them with tailored pants for a polished office look or with a flowy dress for a stylish evening ensemble."
https://www.pazzion.com/products/8376-5a-jude-strapped-glossy-block-heels,Jude Strapped Glossy Block Heels,"['https://www.pazzion.com/cdn/shop/files/JudeStrappedGlossyBlockHeels-Almond-1.webp?v=1720409173', 'https://www.pazzion.com/cdn/shop/files/JudeStrappedGlossyBlockHeels-Almond-3.webp?v=1720409184', 'https://www.pazzion.com/cdn/shop/files/JudeStrappedGlossyBlockHeels-Almond-7.webp?v=1720409201', 'https://www.pazzion.com/cdn/shop/files/JudeStrappedGlossyBlockHeels-Almond-2.webp?v=1720409178', 'https://www.pazzion.com/cdn/shop/files/JudeStrappedGlossyBlockHeels-Almond-6.webp?v=1720409197']","Step into classic elegance with the Jude Strapped Glossy Block Heels. Crafted with a glossy patent finish, these heels feature a secure strap with a charming heart-shaped buckle. The modest block heel provides stability and comfort, making them perfect for both workwear and casual outings. The delicate design and neutral color ensure versatility, easily pairing with dresses, skirts, or tailored trousers. Elevate your style effortlessly with these timeless heels that blend sophistication and comfort seamlessly."
https://www.pazzion.com/products/3020-1-ayla-round-toe-mary-janes,Ayla Round-Toe Mary Janes,"['https://www.pazzion.com/cdn/shop/files/AylaRound-ToeMaryJanes-Beige-1.webp?v=1705649332', 'https://www.pazzion.com/cdn/shop/files/AylaRound-ToeMaryJanes-Beige-6.webp?v=1715764127', 'https://www.pazzion.com/cdn/shop/files/AylaRound-ToeMaryJanes-Beige-3.webp?v=1715764127', 'https://www.pazzion.com/cdn/shop/files/AylaRound-ToeMaryJanes-Beige-4.webp?v=1715764127', 'https://www.pazzion.com/cdn/shop/files/AylaRound-ToeMaryJanes-Beige-5.webp?v=1715764127']","Perfect for adding a touch of classic elegance to your ensemble, the Ayla Round-Toe Mary Janes feature a timeless round-toe design and a delicate black strap for a subtle contrast. Crafted with smooth, high-quality leather, these flats offer both comfort and sophistication. Ideal for both casual outings and more formal occasions, pair these versatile Mary Janes with dresses, skirts, or tailored pants for a chic look. The cushioned insoles ensure all-day comfort, making them a stylish and practical addition to your wardrobe."
