address,product_title,product_images,copywriter_output,reviewer_output
https://www.pazzion.com/products/c2257-3-joyce-pearl-patent-slingback-heels,Joyce Pearl Patent Slingback Heels,"['https://www.pazzion.com/cdn/shop/files/JoycePearlPatentSlingbackHeels-Beige-1.jpg?v=1705898929', 'https://www.pazzion.com/cdn/shop/files/JoycePearlPatentSlingbackHeels-Beige-2.jpg?v=1705898934', 'https://www.pazzion.com/cdn/shop/files/JoycePearlPatentSlingbackHeels-Beige-3.jpg?v=1705898939', 'https://www.pazzion.com/cdn/shop/files/JoycePearlPatentSlingbackHeels-Beige-4.jpg?v=1705898944', 'https://www.pazzion.com/cdn/shop/files/JoycePearlPatentSlingbackHeels-Beige-5.jpg?v=1705898949']","These patent leather slingback heels feature a charming buckle adorned with a faux pearl, adding a touch of sophistication to any ensemble. The square-toe design and low block heel provide both style and comfort, making them perfect for all-day wear. Ideal for both work and casual outings, pair them with dresses, skirts, or tailored pants for a polished look.","Step into timeless elegance with the Joyce Pearl Patent Slingback Heels. Crafted from glossy patent leather, these heels feature a chic buckle topped with a faux pearl, infusing a dash of sophistication into any outfit. The modern square-toe design and low block heel ensure all-day comfort without compromising on style. Ideal for both office wear and casual outings, these versatile heels can be paired effortlessly with dresses, skirts, or tailored pants to achieve a polished look. The adjustable slingback strap provides a secure fit, making these heels a must-have for the fashion-forward individual who values both style and comfort."
https://www.pazzion.com/products/122-5-maia-pearl-decor-bow-slingbacks-kitten-heels,Maia Pearl Décor Bow Slingbacks Kitten Heels,"['https://www.pazzion.com/cdn/shop/files/MaiaPearlDi_corBowSlingbacksKittenHeels-Beige-1.webp?v=1705903988', 'https://www.pazzion.com/cdn/shop/files/MaiaPearlDi_corBowSlingbacksKittenHeels-Beige-2.webp?v=1705903993', 'https://www.pazzion.com/cdn/shop/files/MaiaPearlDi_corBowSlingbacksKittenHeels-Beige-3.webp?v=1705903999', 'https://www.pazzion.com/cdn/shop/files/MaiaPearlDi_corBowSlingbacksKittenHeels-Beige-4.webp?v=1705904009', 'https://www.pazzion.com/cdn/shop/files/MaiaPearlDi_corBowSlingbacksKittenHeels-Beige-5.webp?v=1705904014']","Step into elegance with these intricately designed slingbacks. Adorned with delicate pearls and a chic bow, the Maia Pearl Décor Bow Slingbacks Kitten Heels offer a perfect blend of sophistication and comfort. The low kitten heel ensures easy wear throughout the day, while the slingback design provides a secure fit. Pair these stunning heels with anything from cocktail dresses to tailored pants for a graceful, polished look.","Step into a world of elegance with the Maia Pearl Décor Bow Slingbacks Kitten Heels. These stunning slingbacks feature a delicate mesh adorned with intricate pearl detailing, complemented by a chic bow on the pointed toe. The low kitten heel is perfect for all-day wear, providing both style and comfort. The adjustable slingback strap ensures a secure fit while adding a touch of sophistication. Crafted for the fashion-forward woman, these heels are versatile enough to pair with cocktail dresses, tailored pants, or even casual jeans for a touch of glamour. Feel luxurious and graceful with every step you take."
https://www.pazzion.com/products/6313-1-aurelia-strappy-espadrilles,Aurelia Strappy Espadrilles,"['https://www.pazzion.com/cdn/shop/files/AureliaStrappyEspadrilles-White-1.webp?v=1714644163', 'https://www.pazzion.com/cdn/shop/files/AureliaStrappyEspadrilles-White-2.webp?v=1714644169', 'https://www.pazzion.com/cdn/shop/files/AureliaStrappyEspadrilles-White-3.webp?v=1714644174', 'https://www.pazzion.com/cdn/shop/files/AureliaStrappyEspadrilles-White-4.webp?v=1714644179', 'https://www.pazzion.com/cdn/shop/files/AureliaStrappyEspadrilles-White-5.webp?v=1714644183']","Aurelia Strappy Espadrilles combine contemporary style with classic comfort. Featuring an intricate strappy design, these espadrilles are crafted with high-quality materials for durability and comfort. The adjustable buckle ensures a secure fit, while the woven espadrille sole adds a touch of bohemian charm. Perfect for pairing with summer dresses, skirts, or casual outfits for a chic and effortless look.","Step into summer with the Aurelia Strappy Espadrilles, where contemporary chic meets timeless comfort. These espadrilles feature an elegant strappy design, meticulously crafted from premium materials to ensure durability and a soft feel against your skin. The adjustable gold-toned buckle offers a secure, personalized fit, while the woven espadrille sole adds a dash of bohemian flair. Feel the comfort with every step thanks to the cushioned insole and breathable design. Whether you're pairing them with a flowing summer dress, a breezy skirt, or your favorite casual outfit, these espadrilles promise a stylish, effortless look. Perfect for beach getaways, weekend brunches, and exploring new cities. Elevate your summer wardrobe with the Aurelia Strappy Espadrilles and embrace the sunny days in style."
https://www.pazzion.com/products/1919-1-margot-tweed-lace-up-espadrilles,Margot Tweed Lace-up Espadrilles,"['https://www.pazzion.com/cdn/shop/files/MargotTweedLace-upEspadrilles-White-1.jpg?v=1705904414', 'https://www.pazzion.com/cdn/shop/files/MargotTweedLace-upEspadrilles-White-7.webp?v=1707199527', 'https://www.pazzion.com/cdn/shop/files/MargotTweedLace-upEspadrilles-White-2.jpg?v=1707199527', 'https://www.pazzion.com/cdn/shop/files/MargotTweedLace-upEspadrilles-White-6.webp?v=1707199527', 'https://www.pazzion.com/cdn/shop/files/MargotTweedLace-upEspadrilles-White-3.jpg?v=1707199527']","Embrace effortless elegance with the Margot Tweed Lace-up Espadrilles. These espadrilles feature a sophisticated tweed fabric upper, adding a touch of classic charm to your casual footwear collection. The lace-up design ensures a secure fit, while the espadrille sole provides both comfort and style. Perfect for weekend outings or casual gatherings, these espadrilles are a versatile addition to your wardrobe. Pair them with your favorite jeans, skirts, or dresses for a chic, laid-back look.","Step out in style with the Margot Tweed Lace-up Espadrilles. Crafted from elegant, sophisticated tweed fabric, these espadrilles are a chic addition to any wardrobe. The slip-on design ensures ease and comfort, while the textured espadrille sole provides a touch of coastal charm. Whether you're brunching with friends or strolling through the farmers' market, these espadrilles offer the perfect blend of casual elegance and comfort. Pair them with denim, flowy skirts, or sundresses for an effortless, laid-back look. 

Key Features:
- Luxurious tweed fabric for a refined touch
- Slip-on design for easy wear
- Espadrille sole for comfort and style
- Versatile for both casual and semi-casual occasions

Experience the perfect blend of style and comfort with the Margot Tweed Lace-up Espadrilles. Slip them on and elevate your everyday look!"
https://www.pazzion.com/products/3899-9-fallon-leather-ankle-boots,Fallon Leather Ankle Boots,"['https://www.pazzion.com/cdn/shop/files/FallonLeatherAnkleBoots-Beige-1.webp?v=1705892084', 'https://www.pazzion.com/cdn/shop/files/FallonLeatherAnkleBoots-Beige-2.webp?v=1705892090', 'https://www.pazzion.com/cdn/shop/files/FallonLeatherAnkleBoots-Beige-3.webp?v=1705892096', 'https://www.pazzion.com/cdn/shop/files/FallonLeatherAnkleBoots-Beige-4.webp?v=1705892102', 'https://www.pazzion.com/cdn/shop/files/FallonLeatherAnkleBoots-Beige-5.webp?v=1705892109']","Make a statement with these Fallon Leather Ankle Boots. Crafted with premium leather, these boots feature a sleek and minimalist design that exudes sophistication. The subtle block heel adds height without compromising comfort, making them perfect for all-day wear. A back zipper ensures easy on and off, adding a practical touch to these stylish boots. Pair them with everything from jeans to dresses for a chic, modern look.","Step into sophistication with the Fallon Leather Ankle Boots. Crafted from premium leather, these boots boast a sleek and minimalist design perfect for the modern fashionista. The soft, supple leather promises a luxurious feel, while the subtle block heel offers just the right amount of lift without sacrificing comfort. Perfect for all-day wear, the back zipper ensures effortless on-and-off, adding a touch of practicality to your chic ensemble. From casual jeans to elegant dresses, these boots are your go-to for a polished, contemporary look. Elevate your style game and embrace unparalleled comfort with the Fallon Leather Ankle Boots."
https://www.pazzion.com/products/1919-33-andrina-pearl-espadrille-mules,Andrina Pearl Espadrille Mules,"['https://www.pazzion.com/cdn/shop/files/AndrinaPearlEspadrilleMules-Blue-1.webp?v=1705647916', 'https://www.pazzion.com/cdn/shop/files/AndrinaPearlEspadrilleMules-Blue-2.webp?v=1705647921', 'https://www.pazzion.com/cdn/shop/files/AndrinaPearlEspadrilleMules-Blue-3.webp?v=1705647926', 'https://www.pazzion.com/cdn/shop/files/AndrinaPearlEspadrilleMules-Blue-4.webp?v=1705647931', 'https://www.pazzion.com/cdn/shop/files/AndrinaPearlEspadrilleMules-Blue-5.webp?v=1705647936']","Get ready to embrace the sunny days with the Andrina Pearl Espadrille Mules. These mules combine the classic espadrille style with a modern twist, featuring a tweed upper adorned with delicate pearls. The easy slip-on design ensures comfort while the rubber sole provides excellent grip. Perfect for a casual day out or a relaxed evening, these mules will add a touch of elegance to any outfit.","Step into effortless elegance with the Andrina Pearl Espadrille Mules. Perfect for sunny days, these chic mules blend classic espadrille charm with modern sophistication. The tweed upper, beautifully embellished with delicate pearls, catches the eye and adds a touch of luxury. Designed for all-day comfort, they feature an easy slip-on style and a durable rubber sole that ensures excellent grip. Ideal for a casual brunch or a relaxed evening stroll, these mules effortlessly elevate any outfit. Feel the softness of the woven texture and the gentle sparkle of pearls with every step. Pair them with a sundress for an airy, carefree look or with jeans for a stylish twist on casual chic. Discover the perfect balance of style and comfort with the Andrina Pearl Espadrille Mules."
https://www.pazzion.com/products/6292-9-nikki-supple-leather-slides,Nikki Supple Leather Slides,"['https://www.pazzion.com/cdn/shop/files/NikkiSuppleLeatherSlides-LightYellow-1.jpg?v=1711327281', 'https://www.pazzion.com/cdn/shop/files/NikkiSuppleLeatherSlides-LightYellow-2.jpg?v=1711327275', 'https://www.pazzion.com/cdn/shop/files/NikkiSuppleLeatherSlides-LightYellow-3.jpg?v=1711327262', 'https://www.pazzion.com/cdn/shop/files/NikkiSuppleLeatherSlides-LightYellow-4.jpg?v=1711327256', 'https://www.pazzion.com/cdn/shop/files/NikkiSuppleLeatherSlides-LightYellow-5.jpg?v=1706602982']","Elevate your casual footwear collection with the Nikki Supple Leather Slides. Crafted from premium lambskin leather, these slides offer unparalleled comfort and a chic, minimalist design. The gathered detailing adds a touch of sophistication, making them perfect for both casual and semi-formal occasions. Slip into these versatile slides and pair them with anything from summer dresses to tailored trousers for a stylish, effortless look.","Step up your casual footwear game with the Nikki Supple Leather Slides. Crafted from luxurious lambskin leather, these slides envelop your feet in soft, buttery comfort. The intricate gathered detailing adds a dash of sophistication to their minimalist design, making them an ideal choice for both casual afternoons and chic evenings. With a sleek, pointed toe and a versatile cream shade, these slides pair effortlessly with everything from breezy summer dresses to tailored trousers. Perfect for the modern minimalist, they offer the ultimate blend of style and ease. Slip into the Nikki Supple Leather Slides and experience unparalleled comfort and elegance."
https://www.pazzion.com/products/298-2-vaeda-v-cut-heel-mules,Vaeda V-Cut Heel Mules,"['https://www.pazzion.com/cdn/shop/files/VaedaV-CutHeelMules-Beige-1.webp?v=1705912496', 'https://www.pazzion.com/cdn/shop/files/VaedaV-CutHeelMules-Beige-3.webp?v=1705912505', 'https://www.pazzion.com/cdn/shop/files/VaedaV-CutHeelMules-Beige-4.webp?v=1705912509', 'https://www.pazzion.com/cdn/shop/files/VaedaV-CutHeelMules-Beige-5.webp?v=1705912513', 'https://www.pazzion.com/cdn/shop/files/VaedaV-CutHeelMules-Beige-6.webp?v=1705912518']","These mules feature an eye-catching V-cut design and a unique gold-studded heel that adds a touch of modern elegance. Crafted from high-quality materials, they offer both comfort and style, making them perfect for both casual and formal occasions. Slip into these chic mules to elevate any outfit effortlessly.","Step into sophistication with the Vaeda V-Cut Heel Mules. Featuring an avant-garde V-cut design and an exquisite gold-studded heel, these mules are crafted from premium materials to provide unparalleled comfort and style. The sleek silhouette and luxurious finish make them a versatile addition to your wardrobe, perfect for elevating both casual and formal ensembles. The unique heel design not only adds a modern flair but also ensures stability and support. Slip into these statement mules for a chic, trendsetting look that effortlessly complements dresses, tailored pants, or your favorite jeans."
https://www.pazzion.com/products/8376-5a-jude-strapped-glossy-block-heels,Jude Strapped Glossy Block Heels,"['https://www.pazzion.com/cdn/shop/files/JudeStrappedGlossyBlockHeels-Almond-1.webp?v=1720409173', 'https://www.pazzion.com/cdn/shop/files/JudeStrappedGlossyBlockHeels-Almond-3.webp?v=1720409184', 'https://www.pazzion.com/cdn/shop/files/JudeStrappedGlossyBlockHeels-Almond-7.webp?v=1720409201', 'https://www.pazzion.com/cdn/shop/files/JudeStrappedGlossyBlockHeels-Almond-2.webp?v=1720409178', 'https://www.pazzion.com/cdn/shop/files/JudeStrappedGlossyBlockHeels-Almond-6.webp?v=1720409197']","Stay polished and sophisticated with these Mary Jane-inspired block heels. Featuring glossy patent leather material, a comfortable block heel, and a classic strap with a gold-tone heart-shaped buckle, these shoes are perfect for both formal occasions and everyday wear. Pair them with a skirt suit for a professional look or a casual dress for a chic daytime outfit.","Step into elegance with the Jude Strapped Glossy Block Heels. Crafted from glossy patent leather, these chic block heels feature a timeless Mary Jane design. The standout detail is the gold-tone heart-shaped buckle on the classic strap, adding a touch of playful sophistication. The comfortable block heel provides all-day wearability, making these shoes perfect for both formal events and casual outings. Pair them with a tailored skirt suit for a polished office look or a flowy dress for a stylish daytime ensemble. Experience the blend of comfort and style with every step!"
https://www.pazzion.com/products/3020-1-ayla-round-toe-mary-janes,Ayla Round-Toe Mary Janes,"['https://www.pazzion.com/cdn/shop/files/AylaRound-ToeMaryJanes-Beige-1.webp?v=1705649332', 'https://www.pazzion.com/cdn/shop/files/AylaRound-ToeMaryJanes-Beige-6.webp?v=1715764127', 'https://www.pazzion.com/cdn/shop/files/AylaRound-ToeMaryJanes-Beige-3.webp?v=1715764127', 'https://www.pazzion.com/cdn/shop/files/AylaRound-ToeMaryJanes-Beige-4.webp?v=1715764127', 'https://www.pazzion.com/cdn/shop/files/AylaRound-ToeMaryJanes-Beige-5.webp?v=1715764127']","These classic Mary Janes are updated with a round toe for a contemporary touch. Featuring a contrasting black strap, these flats offer a chic and minimalist look that pairs effortlessly with any outfit. Crafted for all-day comfort, they are perfect for both casual and formal occasions. Style them with a sundress for a day out or with tailored pants for a polished office look.","Step into timeless elegance with the Ayla Round-Toe Mary Janes. These chic flats combine classic design with a modern twist, featuring a soft round toe and a sleek black strap. Crafted for supreme comfort, they are perfect for all-day wear, whether you're heading to the office or exploring the city. The minimalist design ensures they effortlessly complement any outfit, from a breezy sundress to tailored pants. Made from high-quality materials, these Mary Janes offer a luxurious feel while the contrasting strap adds a touch of sophistication. Embrace versatile style and unparalleled comfort with the Ayla Round-Toe Mary Janes."
