address,product_title,description,images 1,images 2,images 3,images 4,images 5
https://www.pazzion.com/products/191-5a-fiorella-boots,Fiorella Boots,"A perfect blend of style, comfort, and convenience, crafted to cater to the modern woman's needs, Fiorella is designed with a focus on ease of wear and contemporary style. These boots feature a convenient zipper closure, making them a breeze to put on and take off. No more struggling with laces or buttons; whether you're dashing through your daily routine or stepping out for a night on the town, just zip up and you're ready to conquer your day.",//www.pazzion.com/cdn/shop/files/FiorellaBoots-Camel-1.webp?v=1705915480,//www.pazzion.com/cdn/shop/files/FiorellaBoots-Camel-10.webp?v=1715759531,//www.pazzion.com/cdn/shop/files/FiorellaBoots-Camel-2.webp?v=1715759531,//www.pazzion.com/cdn/shop/files/FiorellaBoots-Camel-3.webp?v=1715759531,//www.pazzion.com/cdn/shop/files/FiorellaBoots-Camel-4.webp?v=1715759531
https://www.pazzion.com/products/2203a-1-meredith-ankle-lace-up-boots,Meredith Ankle Lace-up Boots,"The perfect blend of style and comfort for the modern adventurer. Crafted with care and precision, these boots feature a versatile ankle height that offers both support and mobility.The adjustable lace-up closure and plush, cushioned insole that cradles your feet with every step allows you to achieve a customized fit for all-day comfort. Unleash your inner explorer and elevate your style with the chic and comfortable allure of Meredith. ",//www.pazzion.com/cdn/shop/files/MeredithAnkleLace-upBoots-Yellow-1.webp?v=1705916832,//www.pazzion.com/cdn/shop/files/MeredithAnkleLace-upBoots-Yellow-2.webp?v=1705916839,//www.pazzion.com/cdn/shop/files/MeredithAnkleLace-upBoots-Yellow-3.webp?v=1705904695,//www.pazzion.com/cdn/shop/files/MeredithAnkleLace-upBoots-Yellow-4.webp?v=1705916845,//www.pazzion.com/cdn/shop/files/MeredithAnkleLace-upBoots-Yellow-5.webp?v=1705916850
https://www.pazzion.com/products/2597-1-ingrid-gold-studded-cage-patent-leather-slides,Ingrid Gold Studded Cage Patent Leather Slides,"Gladiator styled sandals made in glossy patent leather with a caged vamp that frames your feet elegantly! Strut on comfortably and confidently with its soft padded footbeds and stylish outlook. Adorned with gold-toned studs along the caged vamp, you will look especially cool in either distressed denim, floaty skirts or breezy dresses. Go for a bold red classic pedicure to stand out!",//www.pazzion.com/cdn/shop/files/IngridGoldStuddedCagePatentLeatherSlides-Nude-1.jpg?v=1715049861,//www.pazzion.com/cdn/shop/files/IngridGoldStuddedCagePatentLeatherSlides-Nude-2.png?v=1715049880,//www.pazzion.com/cdn/shop/files/IngridGoldStuddedCagePatentLeatherSlides-Nude-3.jpg?v=1715049870,//www.pazzion.com/cdn/shop/files/IngridGoldStuddedCagePatentLeatherSlides-Nude-4.jpg?v=1715049889,//www.pazzion.com/cdn/shop/files/IngridGoldStuddedCagePatentLeatherSlides-Nude-5.jpg?v=1715049898
https://www.pazzion.com/products/522-1-kate-unlace-platform-sneakers,Kate Unlace Platform Sneakers,"Athletic trainers don’t need to be dedicated to workout sessions only. Designed with a silhouette ideal for everyday wear with an elevated platform sole, cowhide upper and a shock-absorbing sole. They also align with the chunky sneaker trend, which gives the gym essential street-style approval. Pair with anything from dresses to wide legged pants. ",//www.pazzion.com/cdn/shop/files/KateUnlacePlatformSneakers-White-1.jpg?v=1705899597,//www.pazzion.com/cdn/shop/files/KateUnlacePlatformSneakers-White-2.webp?v=1705899602,//www.pazzion.com/cdn/shop/files/KateUnlacePlatformSneakers-White-3.jpg?v=1705899608,//www.pazzion.com/cdn/shop/files/KateUnlacePlatformSneakers-White-4.jpg?v=1705899615,//www.pazzion.com/cdn/shop/files/KateUnlacePlatformSneakers-White-5.jpg?v=1705899621
https://www.pazzion.com/products/80-29-reagan-contrast-sneakers,Reagan Contrast Sneakers,"A pristine clean white sneaker is essential to any wardrobe. Timeless style that will go with everything from jeans to dresses. Set on a vulcanized rubber sole that flexes with every step, soft padded footbed for extra comfort, the classic white sneakers get a changeover thanks to the added pop of color at the heel. Wear them in floaty dresses, sharp tailoring or a classic pair of jeans for a relaxed weekend edit to convey an off-beat mood.",//www.pazzion.com/cdn/shop/files/ReaganContrastSneakers-Yellow-1.jpg?v=1705908944,//www.pazzion.com/cdn/shop/files/ReaganContrastSneakers-Yellow-2.jpg?v=1705908949,//www.pazzion.com/cdn/shop/files/ReaganContrastSneakers-Yellow-3.jpg?v=1705908954,//www.pazzion.com/cdn/shop/files/ReaganContrastSneakers-Yellow-4.jpg?v=1705908959,//www.pazzion.com/cdn/shop/files/ReaganContrastSneakers-Yellow-5.jpg?v=1705908963
https://www.pazzion.com/products/8853-16-marcel-classic-buckle-loafers,Marcel Classic Buckle Loafers,"Imbued with intricate craftsmanship, supple leather and square-toe comfort, Marcel is the essential loafer made for fuss-free everyday. Finished with minimalistic gold buckles, they look put-together with any ensemble. Style yours with a classic cotton shirt and jeans, or tailoring suited for the office. ",//www.pazzion.com/cdn/shop/files/MarcelClassicBuckleLoafers-Black-1.webp?v=1705904220,//www.pazzion.com/cdn/shop/files/MarcelClassicBuckleLoafers-Black-12.webp?v=1706767991,//www.pazzion.com/cdn/shop/files/MarcelClassicBuckleLoafers-Black-2.webp?v=1706767991,//www.pazzion.com/cdn/shop/files/MarcelClassicBuckleLoafers-Black-11.webp?v=1706767991,//www.pazzion.com/cdn/shop/files/MarcelClassicBuckleLoafers-Black-3.webp?v=1706767991
https://www.pazzion.com/products/9175-1-classic-metal-buckle-leather-loafers,Arwen Classic Metal Buckle Leather Loafers,"Refine your work wear edits with this classic pair of loafers made of supple soft leather and padded insoles for a comfortable fit. Decorated with a chic signature gold hardware at the vamp, it adds charm to your everyday edits. Style yours with pleated skirt or work pants for a chic look.",//www.pazzion.com/cdn/shop/files/ArwenClassicMetalBuckleLeatherLoafers-Beige-1.webp?v=1705648923,//www.pazzion.com/cdn/shop/files/ArwenClassicMetalBuckleLeatherLoafers-Beige-2.webp?v=1705648928,//www.pazzion.com/cdn/shop/files/ArwenClassicMetalBuckleLeatherLoafers-Beige-3.webp?v=1705648933,//www.pazzion.com/cdn/shop/files/ArwenClassicMetalBuckleLeatherLoafers-Beige-4.webp?v=1705648937,//www.pazzion.com/cdn/shop/files/ArwenClassicMetalBuckleLeatherLoafers-Beige-5.webp?v=1705648941
https://www.pazzion.com/products/9878-10-valentina-classic-low-heels,Valentina Classic Low Heels,"This simplistic heel crafted in lambskin is the perfect pair suited for any occasion. Be it a work or just a casual day out, slip into this pair of heels to easily match any of your outfits.",//www.pazzion.com/cdn/shop/files/ValentinaClassicLowHeels-Khaki-1.jpg?v=1705912606,//www.pazzion.com/cdn/shop/files/ValentinaClassicLowHeels-Khaki-10.webp?v=1706767677,//www.pazzion.com/cdn/shop/files/ValentinaClassicLowHeels-Khaki-2.jpg?v=1706767677,//www.pazzion.com/cdn/shop/files/ValentinaClassicLowHeels-Khaki-9.webp?v=1706767677,//www.pazzion.com/cdn/shop/files/ValentinaClassicLowHeels-Khaki-3.jpg?v=1706767677
https://www.pazzion.com/products/a1483-venette-studded-sandals,Venette Studded Sandals,"Your summer time wardrobe is about to get a major upgrade! Lined with studded embellishments and designed with an adjustable strap to offer a secure and comfortable fit, these patent sandals are everything a girl could ask for this season. These polished casual shoes will elevate any outfit.  Find yourself reaching for this pair to dress up everything from jeans to a sultry all-black evening look.",//www.pazzion.com/cdn/shop/files/VenetteStuddedSandals-Almond-1.jpg?v=1705912806,//www.pazzion.com/cdn/shop/files/VenetteStuddedSandals-Almond-2.jpg?v=1705912811,//www.pazzion.com/cdn/shop/files/VenetteStuddedSandals-Almond-3.jpg?v=1705912817,//www.pazzion.com/cdn/shop/files/VenetteStuddedSandals-Almond-4.jpg?v=1705912821,//www.pazzion.com/cdn/shop/files/VenetteStuddedSandals-Almond-5.jpg?v=1705912826
https://www.pazzion.com/products/a1618-32-floret-ballerinas,Floret Ballerinas,"Our floret ballerinas are perfect for days when you want an extra touch of class. Beautifully crafted in black and almond, the intricate floweret design offers a premium on sophistication, while the contrast hues gives a hint of femininity. Slip them on and off you go with this highly versatile pair that will match with everything in your closet from dresses to jeans. Pair it with a classic minimal leather shoulder bag for an ultra famine look. ",//www.pazzion.com/cdn/shop/files/FloretBallerinas-Almond-1.jpg?v=1705892943,//www.pazzion.com/cdn/shop/files/FloretBallerinas-Almond-4.jpg?v=1715831776,//www.pazzion.com/cdn/shop/files/FloretBallerinas-Almond-3.jpg?v=1715831776,//www.pazzion.com/cdn/shop/files/FloretBallerinas-Almond-5.jpg?v=1705892976,//www.pazzion.com/cdn/shop/files/FloretBallerinas-Almond-6.jpg?v=1705892983
https://www.pazzion.com/products/a569-3a-blythe-lambskin-toe-cap-block-heels,Blythe Lambskin Toe Cap Block Heels,"A play on colours and illusions, these heels are elegant wardrobe additions for the season. Crafted with a contrast toe cap with an open back, mid block heel and buckle fastening. This versatile style can be teamed with feminine dresses or skinny jeans.",//www.pazzion.com/cdn/shop/files/BlytheLambskinToeCapBlockHeels-Almond-1.jpg?v=1706864278,//www.pazzion.com/cdn/shop/files/BlytheLambskinToeCapBlockHeels-Almond-2.webp?v=1706864285,//www.pazzion.com/cdn/shop/files/BlytheLambskinToeCapBlockHeels-Almond-3_b74e8ae5-faf8-40a0-a044-416c9c3f45ce.jpg?v=1706864291,//www.pazzion.com/cdn/shop/files/BlytheLambskinToeCapBlockHeels-Almond-4.webp?v=1706864297,//www.pazzion.com/cdn/shop/files/BlytheLambskinToeCapBlockHeels-Almond-5.jpg?v=1706864303
https://www.pazzion.com/products/js51-1f-celina-strappy-flats,Celina Strappy Flats,"Our all-time best seller design in this season’s subtle elegant colors! Feature classic strappy design in comfy leatherette, this is all cool girls’ warm weather essential.",//www.pazzion.com/cdn/shop/files/CelinaStrappyFlats-Gold-1.jpg?v=1705653473,//www.pazzion.com/cdn/shop/files/CelinaStrappyFlats-Gold-2.webp?v=1705653477,//www.pazzion.com/cdn/shop/files/CelinaStrappyFlats-Gold-3.jpg?v=1705653481,//www.pazzion.com/cdn/shop/files/CelinaStrappyFlats-Gold-7.webp?v=1715822725,//www.pazzion.com/cdn/shop/files/CelinaStrappyFlats-Gold-4.jpg?v=1715822725
